measure,location,sex,age,metric,year,val,upper,lower
Life expectancy,High-middle SDI,Male,<1 year,Years,2015,72.65688438722226,72.94431820370698,72.36674054624103
Life expectancy,High-middle SDI,Female,<1 year,Years,2015,78.81469300902043,79.05408488663966,78.55427341584317
Life expectancy,High SDI,Male,<1 year,Years,2015,78.3947034411356,78.44055160341865,78.34639044615881
Life expectancy,High SDI,Female,<1 year,Years,2015,83.60048512613744,83.63385574525427,83.56493780678562
Life expectancy,Low-middle SDI,Male,<1 year,Years,2015,65.6174251276106,66.15153436319939,65.05090756247435
Life expectancy,Low-middle SDI,Female,<1 year,Years,2015,69.43072898408656,69.96654130928296,68.89370582941726
Life expectancy,Low SDI,Male,<1 year,Years,2015,63.64664368681186,64.23366631716904,63.02000644889215
Life expectancy,Low SDI,Female,<1 year,Years,2015,66.4284545097685,66.94001547800401,65.91259147284315
Life expectancy,Middle SDI,Male,<1 year,Years,2016,71.43359043783408,71.77962606034023,71.11407454781886
Life expectancy,Middle SDI,Female,<1 year,Years,2016,77.05059517559494,77.3313725109575,76.73846952205024
Life expectancy,High-middle SDI,Male,<1 year,Years,2007,70.4826223205386,70.65251214390119,70.32397333039971
Life expectancy,High-middle SDI,Female,<1 year,Years,2007,77.11709726495224,77.2366813849244,76.98970785344927
Life expectancy,High SDI,Male,<1 year,Years,2007,76.86579932105649,76.88650623344252,76.84462687575578
Life expectancy,High SDI,Female,<1 year,Years,2007,82.55589382608707,82.57548173218558,82.53568274250159
Life expectancy,Low-middle SDI,Male,<1 year,Years,2007,62.67447883853104,63.14116838534309,62.1828233773126
Life expectancy,Low-middle SDI,Female,<1 year,Years,2007,66.32986894181846,66.7555102760722,65.85229616767661
Life expectancy,Low SDI,Male,<1 year,Years,2007,59.882707994856545,60.28608602598858,59.45038664276369
Life expectancy,Low SDI,Female,<1 year,Years,2007,62.42097706360049,62.80812282862453,62.046831365529755
Life expectancy,High-middle SDI,Male,<1 year,Years,1998,67.65828148140285,67.85521898160694,67.46844866060222
Life expectancy,High-middle SDI,Female,<1 year,Years,1998,74.54523161047156,74.69998319786075,74.36343809773798
Life expectancy,High SDI,Male,<1 year,Years,1998,74.5319209944778,74.55730336721574,74.50462998494476
Life expectancy,High SDI,Female,<1 year,Years,1998,80.7381410929422,80.76061855942329,80.716097586786
Life expectancy,Low-middle SDI,Male,<1 year,Years,1998,59.87492256955043,60.29188550238796,59.46639460943978
Life expectancy,Low-middle SDI,Female,<1 year,Years,1998,62.96809807509725,63.391692247630644,62.54356086671231
Life expectancy,Low SDI,Male,<1 year,Years,1998,55.54574455892289,56.00815556925858,55.0728880162661
Life expectancy,Low SDI,Female,<1 year,Years,1998,57.489000777161124,57.93617948993312,56.999377934498995
Life expectancy,Middle SDI,Male,<1 year,Years,2017,71.71286362436955,72.0869906398567,71.36937775634105
Life expectancy,Middle SDI,Female,<1 year,Years,2017,77.42130596972468,77.70151674026951,77.09445459208837
Life expectancy,High-middle SDI,Male,<1 year,Years,1990,66.75422376608611,67.01358230930535,66.48304072445782
Life expectancy,High-middle SDI,Female,<1 year,Years,1990,73.1431832785598,73.37169159784783,72.91852646004997
Life expectancy,High SDI,Male,<1 year,Years,1990,72.5559675940146,72.5863649568618,72.52235834694632
Life expectancy,High SDI,Female,<1 year,Years,1990,79.29461704696861,79.31875574227786,79.27044083332976
Life expectancy,Low-middle SDI,Male,<1 year,Years,1990,58.981527302836284,59.448282706621285,58.510948168646486
Life expectancy,Low-middle SDI,Female,<1 year,Years,1990,61.920780086445724,62.334702295829885,61.47567703929392
Life expectancy,Low SDI,Male,<1 year,Years,1990,53.00415690951967,53.63162474933336,52.42942600045579
Life expectancy,Low SDI,Female,<1 year,Years,1990,54.81185934823418,55.42389599534728,54.27641072564578
Life expectancy,High-middle SDI,Male,<1 year,Years,1999,67.64294847472323,67.838064015452,67.45687672614761
Life expectancy,High-middle SDI,Female,<1 year,Years,1999,74.59958946838289,74.75754085603263,74.42590802767091
Life expectancy,High SDI,Male,<1 year,Years,1999,74.72514351729455,74.75013624325014,74.69735094877066
Life expectancy,High SDI,Female,<1 year,Years,1999,80.85821274229703,80.88022196162953,80.83666969814499
Life expectancy,Low-middle SDI,Male,<1 year,Years,1999,60.19368842090989,60.62670234422831,59.77702646614197
Life expectancy,Low-middle SDI,Female,<1 year,Years,1999,63.256131987674166,63.6846269213681,62.82686863797996
Life expectancy,Low SDI,Male,<1 year,Years,1999,55.97665437030404,56.43455550422833,55.52805385275006
Life expectancy,Low SDI,Female,<1 year,Years,1999,57.88263941359985,58.3257663891329,57.40268742898439
Life expectancy,High-middle SDI,Male,<1 year,Years,1991,66.89465138061152,67.13784124486628,66.6341333760608
Life expectancy,High-middle SDI,Female,<1 year,Years,1991,73.33756971759618,73.55104929192035,73.11464139462365
Life expectancy,High SDI,Male,<1 year,Years,1991,72.68187672779527,72.71479770513137,72.64895231368234
Life expectancy,High SDI,Female,<1 year,Years,1991,79.45155270625071,79.4767457013616,79.42557318447564
Life expectancy,Low-middle SDI,Male,<1 year,Years,1991,59.0395364415891,59.48871396401681,58.616167276373474
Life expectancy,Low-middle SDI,Female,<1 year,Years,1991,62.00283404744504,62.39877757424472,61.59413326733564
Life expectancy,Low SDI,Male,<1 year,Years,1991,52.996472028676365,53.58939893416006,52.43363676113805
Life expectancy,Low SDI,Female,<1 year,Years,1991,54.93863617839202,55.51108868521279,54.39781999208682
Life expectancy,Middle SDI,Male,<1 year,Years,2009,70.05774756231297,70.28202111746187,69.81598589807591
Life expectancy,Middle SDI,Female,<1 year,Years,2009,75.643409413483,75.83699313629947,75.43237637991524
Life expectancy,Middle SDI,Male,<1 year,Years,2000,67.79898984550114,68.0350793448625,67.55465036676
Life expectancy,Middle SDI,Female,<1 year,Years,2000,72.9623571056675,73.17499626195281,72.74950808229977
Life expectancy,High-middle SDI,Male,<1 year,Years,2006,69.97893303740925,70.14659591628433,69.81579861044098
Life expectancy,High-middle SDI,Female,<1 year,Years,2006,76.69982128015758,76.82073969485928,76.57610811290147
Life expectancy,High SDI,Male,<1 year,Years,2006,76.6362053993312,76.65627780456938,76.61538633957362
Life expectancy,High SDI,Female,<1 year,Years,2006,82.3664678761652,82.38551822889083,82.3475297656917
Life expectancy,Low-middle SDI,Male,<1 year,Years,2006,62.335002331218526,62.79691095869642,61.850071441047106
Life expectancy,Low-middle SDI,Female,<1 year,Years,2006,65.87846387022671,66.30763086167889,65.43219827372458
Life expectancy,Low SDI,Male,<1 year,Years,2006,59.580006470436075,59.98704870577723,59.13220923965642
Life expectancy,Low SDI,Female,<1 year,Years,2006,61.8776278859791,62.26998438056882,61.46495866150338
Life expectancy,Middle SDI,Male,<1 year,Years,2001,68.14000978429874,68.37955201677481,67.90731820058302
Life expectancy,Middle SDI,Female,<1 year,Years,2001,73.31203614938863,73.53607720212732,73.0988078594897
Life expectancy,Middle SDI,Male,<1 year,Years,2015,71.28808623706324,71.61761308323567,70.98753616103973
Life expectancy,Middle SDI,Female,<1 year,Years,2015,76.81978008794104,77.07629203856803,76.53461516243225
Life expectancy,Middle SDI,Male,<1 year,Years,1999,67.56201898906339,67.79951933007659,67.31811046424919
Life expectancy,Middle SDI,Female,<1 year,Years,1999,72.69037011106923,72.90966243226744,72.47228191918514
Life expectancy,Middle SDI,Male,<1 year,Years,1993,66.34492756939302,66.66048030708825,66.03618701433952
Life expectancy,Middle SDI,Female,<1 year,Years,1993,70.9863471426062,71.23339729566935,70.72653549797391
Life expectancy,Middle SDI,Male,<1 year,Years,1992,66.1243066273138,66.46148545331585,65.76839015932738
Life expectancy,Middle SDI,Female,<1 year,Years,1992,70.63685208750604,70.90733182957958,70.35401739599544
Life expectancy,Middle SDI,Male,<1 year,Years,2008,69.77270695972774,70.00160405983327,69.55132781504031
Life expectancy,Middle SDI,Female,<1 year,Years,2008,75.34826989336969,75.54110680180398,75.1375544960672
Life expectancy,High-middle SDI,Male,<1 year,Years,2002,68.3747979888999,68.55485840685945,68.19321771627598
Life expectancy,High-middle SDI,Female,<1 year,Years,2002,75.33387970557122,75.47873047270696,75.17962048756979
Life expectancy,High SDI,Male,<1 year,Years,2002,75.5676173518583,75.58928983761214,75.54413390198795
Life expectancy,High SDI,Female,<1 year,Years,2002,81.46266548171799,81.48181759114532,81.44064640041873
Life expectancy,Low-middle SDI,Male,<1 year,Years,2002,60.96271430005506,61.40848336621976,60.50078875621557
Life expectancy,Low-middle SDI,Female,<1 year,Years,2002,64.17885093742503,64.59312386152565,63.74432766262948
Life expectancy,Low SDI,Male,<1 year,Years,2002,57.525287589235155,57.93319424013307,57.09991153410851
Life expectancy,Low SDI,Female,<1 year,Years,2002,59.450252264997346,59.87666863502902,59.00024676398768
Life expectancy,High-middle SDI,Male,<1 year,Years,1997,67.24100401334265,67.43833361688205,67.05242173936401
Life expectancy,High-middle SDI,Female,<1 year,Years,1997,74.14004129115109,74.29732940652848,73.96776861097791
Life expectancy,High SDI,Male,<1 year,Years,1997,74.31337446559077,74.33794400918896,74.28596066676117
Life expectancy,High SDI,Female,<1 year,Years,1997,80.57718167238599,80.59949132581708,80.55300343852706
Life expectancy,Low-middle SDI,Male,<1 year,Years,1997,59.804707077304236,60.20572994509834,59.38532886326161
Life expectancy,Low-middle SDI,Female,<1 year,Years,1997,62.855279313786106,63.263565136423594,62.43740518903815
Life expectancy,Low SDI,Male,<1 year,Years,1997,55.168006641055705,55.64514589516387,54.69627214737505
Life expectancy,Low SDI,Female,<1 year,Years,1997,57.151391832718275,57.62352909465996,56.65373497088432
Life expectancy,High-middle SDI,Male,<1 year,Years,2011,71.78037639359556,71.9675225728448,71.59040224517642
Life expectancy,High-middle SDI,Female,<1 year,Years,2011,78.10068402796645,78.25793977764862,77.93366147759531
Life expectancy,High SDI,Male,<1 year,Years,2011,77.80101280360459,77.83120581453507,77.76994990164626
Life expectancy,High SDI,Female,<1 year,Years,2011,83.13082451866349,83.15448464377145,83.10590564510818
Life expectancy,Low-middle SDI,Male,<1 year,Years,2011,63.90990254819589,64.39915763272677,63.41079426129121
Life expectancy,Low-middle SDI,Female,<1 year,Years,2011,68.09768507246395,68.57281434730885,67.64585671781548
Life expectancy,Low SDI,Male,<1 year,Years,2011,61.58744885904583,62.04776589911091,61.111203043315925
Life expectancy,Low SDI,Female,<1 year,Years,2011,64.58379146573645,64.98922639605516,64.17324094640682
Life expectancy,Middle SDI,Male,<1 year,Years,1998,67.39691752753718,67.64155286780672,67.147390133716
Life expectancy,Middle SDI,Female,<1 year,Years,1998,72.47159912873731,72.69765956997641,72.247344042718
Life expectancy,High-middle SDI,Male,<1 year,Years,1994,65.83228871945244,66.03558572423046,65.60596531132177
Life expectancy,High-middle SDI,Female,<1 year,Years,1994,73.0038444009975,73.17726725731583,72.82964667308404
Life expectancy,High SDI,Male,<1 year,Years,1994,73.31672177481093,73.34608767889827,73.28697582602585
Life expectancy,High SDI,Female,<1 year,Years,1994,79.97867486743434,80.00200588376644,79.95368727307796
Life expectancy,Low-middle SDI,Male,<1 year,Years,1994,59.706932020198145,60.132967214092005,59.290326463949185
Life expectancy,Low-middle SDI,Female,<1 year,Years,1994,62.715470162111465,63.09261771418394,62.313457897944964
Life expectancy,Low SDI,Male,<1 year,Years,1994,52.73257548733854,53.2055918472844,52.22149940223007
Life expectancy,Low SDI,Female,<1 year,Years,1994,55.36822312473528,55.872244311848185,54.865772070495304
Life expectancy,High-middle SDI,Male,<1 year,Years,2000,67.8180547281402,68.00841306004148,67.63109757558301
Life expectancy,High-middle SDI,Female,<1 year,Years,2000,74.88512388540421,75.03945441027824,74.72167964347159
Life expectancy,High SDI,Male,<1 year,Years,2000,75.07500988538132,75.09755408083079,75.04932005987834
Life expectancy,High SDI,Female,<1 year,Years,2000,81.10434085075447,81.1263635874372,81.08169712039225
Life expectancy,Low-middle SDI,Male,<1 year,Years,2000,60.376103415946105,60.81314770750482,59.94698263349838
Life expectancy,Low-middle SDI,Female,<1 year,Years,2000,63.53949206725334,63.97346387084815,63.084558044632026
Life expectancy,Low SDI,Male,<1 year,Years,2000,56.41297300011954,56.8320825261909,55.974497840758026
Life expectancy,Low SDI,Female,<1 year,Years,2000,58.35765021717416,58.79433095607585,57.91903557646288
Life expectancy,High-middle SDI,Male,<1 year,Years,2016,72.95247374953041,73.27728429376424,72.62345140355397
Life expectancy,High-middle SDI,Female,<1 year,Years,2016,79.06698619435569,79.32873545450461,78.77462571441134
Life expectancy,High SDI,Male,<1 year,Years,2016,78.41113717484502,78.49880242854952,78.32204631173747
Life expectancy,High SDI,Female,<1 year,Years,2016,83.63933419941125,83.72176718151032,83.55736392973522
Life expectancy,Low-middle SDI,Male,<1 year,Years,2016,65.94295743074895,66.50025393424743,65.35928448329247
Life expectancy,Low-middle SDI,Female,<1 year,Years,2016,69.74686689304687,70.26239212709203,69.19068388590087
Life expectancy,Low SDI,Male,<1 year,Years,2016,64.02682045539264,64.65605494680224,63.36820036658253
Life expectancy,Low SDI,Female,<1 year,Years,2016,66.85255523883049,67.40867708965543,66.29260744900078
Life expectancy,High-middle SDI,Male,<1 year,Years,2003,68.55539157645721,68.73344544837306,68.38155085393974
Life expectancy,High-middle SDI,Female,<1 year,Years,2003,75.48950482680436,75.62134696782961,75.34939404391747
Life expectancy,High SDI,Male,<1 year,Years,2003,75.73648602090738,75.75734795459155,75.71474840861427
Life expectancy,High SDI,Female,<1 year,Years,2003,81.60188164677959,81.620967151893,81.58234840155565
Life expectancy,Low-middle SDI,Male,<1 year,Years,2003,61.44237670912271,61.88033653323404,60.95548779469152
Life expectancy,Low-middle SDI,Female,<1 year,Years,2003,64.67389393552719,65.097304701767,64.22008898253347
Life expectancy,Low SDI,Male,<1 year,Years,2003,58.04466038079271,58.464619357043254,57.585420992293045
Life expectancy,Low SDI,Female,<1 year,Years,2003,60.053157118210564,60.48042637961055,59.60542518266621
Life expectancy,Middle SDI,Male,<1 year,Years,1991,65.90047208794911,66.25530606391196,65.52318362535152
Life expectancy,Middle SDI,Female,<1 year,Years,1991,70.35845948150916,70.63945661025474,70.06581813832176
Life expectancy,High-middle SDI,Male,<1 year,Years,2010,71.34966859629333,71.52252333932526,71.17184419584777
Life expectancy,High-middle SDI,Female,<1 year,Years,2010,77.80741359324097,77.94480158619966,77.64840773334231
Life expectancy,High SDI,Male,<1 year,Years,2010,77.64601572515451,77.67300298302494,77.61894948311122
Life expectancy,High SDI,Female,<1 year,Years,2010,83.1183287589507,83.14008632519173,83.09450016881316
Life expectancy,Low-middle SDI,Male,<1 year,Years,2010,63.569512100310384,64.03792528521207,63.07088270744622
Life expectancy,Low-middle SDI,Female,<1 year,Years,2010,67.59464089532591,68.05826020042707,67.12769748268778
Life expectancy,Low SDI,Male,<1 year,Years,2010,60.58466388353526,61.032824102265856,60.118703007110774
Life expectancy,Low SDI,Female,<1 year,Years,2010,63.64105775801539,64.02831859443687,63.21627713912602
Life expectancy,Middle SDI,Male,<1 year,Years,1990,65.69506403845426,66.0742110168159,65.30695303117615
Life expectancy,Middle SDI,Female,<1 year,Years,1990,70.0348531369692,70.32794410332552,69.72875097024465
Life expectancy,Middle SDI,Male,<1 year,Years,2004,68.43106976541073,68.65924187764115,68.21224708782654
Life expectancy,Middle SDI,Female,<1 year,Years,2004,73.77140899008758,73.97245415790844,73.56284498012886
Life expectancy,High-middle SDI,Male,<1 year,Years,2017,73.33370729330466,73.69279977893142,72.98406775660345
Life expectancy,High-middle SDI,Female,<1 year,Years,2017,79.42583594314745,79.69884359674406,79.13011806948964
Life expectancy,High SDI,Male,<1 year,Years,2017,78.4715093126247,78.64572116204144,78.29638934883376
Life expectancy,High SDI,Female,<1 year,Years,2017,83.69760077078756,83.86349075392047,83.53304463738435
Life expectancy,Low-middle SDI,Male,<1 year,Years,2017,66.2736800824156,66.86180816898987,65.67320966951421
Life expectancy,Low-middle SDI,Female,<1 year,Years,2017,70.08187867864578,70.6506752293805,69.50406866888622
Life expectancy,Low SDI,Male,<1 year,Years,2017,64.47815718325745,65.12598389697278,63.80253649295642
Life expectancy,Low SDI,Female,<1 year,Years,2017,67.34065583091045,67.94695976480385,66.74634323556562
Life expectancy,Middle SDI,Male,<1 year,Years,2005,69.1990050749926,69.43197448315586,68.97569360205021
Life expectancy,Middle SDI,Female,<1 year,Years,2005,74.4268218975291,74.6216124053635,74.22389907881853
Life expectancy,Middle SDI,Male,<1 year,Years,1996,67.01406001165729,67.27702450701742,66.7421686765346
Life expectancy,Middle SDI,Female,<1 year,Years,1996,71.973112079598,72.20665628250936,71.74104484475308
Life expectancy,Middle SDI,Male,<1 year,Years,2013,70.99058334493401,71.26763168003049,70.72634821218114
Life expectancy,Middle SDI,Female,<1 year,Years,2013,76.51512220653612,76.74943985667643,76.27431780978185
Life expectancy,High-middle SDI,Male,<1 year,Years,1992,66.59544393690183,66.83333635543606,66.34391791750367
Life expectancy,High-middle SDI,Female,<1 year,Years,1992,73.33345710524478,73.53214816365046,73.13291002229218
Life expectancy,High SDI,Male,<1 year,Years,1992,72.96295898788135,72.99358656268573,72.92953778383817
Life expectancy,High SDI,Female,<1 year,Years,1992,79.70644330793148,79.73269813073375,79.68123221646673
Life expectancy,Low-middle SDI,Male,<1 year,Years,1992,59.290512988236564,59.70649559854672,58.877052670029784
Life expectancy,Low-middle SDI,Female,<1 year,Years,1992,62.103682894152925,62.501274566220076,61.70226453266291
Life expectancy,Low SDI,Male,<1 year,Years,1992,53.82523986708385,54.38328460979935,53.26540445063567
Life expectancy,Low SDI,Female,<1 year,Years,1992,55.44292580577754,55.98437156338997,54.91066305157101
Life expectancy,Middle SDI,Male,<1 year,Years,2007,69.87029413526533,70.10629967618866,69.65033617130396
Life expectancy,Middle SDI,Female,<1 year,Years,2007,75.26188988254869,75.45122156754542,75.05232841312323
Life expectancy,High-middle SDI,Male,<1 year,Years,1995,66.06676933282525,66.27108309834924,65.8534359398411
Life expectancy,High-middle SDI,Female,<1 year,Years,1995,73.27831186977394,73.44682479087642,73.10869780270963
Life expectancy,High SDI,Male,<1 year,Years,1995,73.48675822368892,73.51400873595063,73.45634626857968
Life expectancy,High SDI,Female,<1 year,Years,1995,80.08714444507774,80.10986754561594,80.06391712384628
Life expectancy,Low-middle SDI,Male,<1 year,Years,1995,59.81011329737481,60.23684610565072,59.362201652068215
Life expectancy,Low-middle SDI,Female,<1 year,Years,1995,62.786541890078624,63.17171475832768,62.36874796123242
Life expectancy,Low SDI,Male,<1 year,Years,1995,54.74411524261754,55.23034895782251,54.23583195494671
Life expectancy,Low SDI,Female,<1 year,Years,1995,56.566356159293356,57.066503199562995,56.04927600628238
Life expectancy,Middle SDI,Male,<1 year,Years,2003,68.60877611313579,68.83919969747105,68.37721847215798
Life expectancy,Middle SDI,Female,<1 year,Years,2003,73.81422990539488,74.02641037372216,73.60765644578319
Life expectancy,Middle SDI,Male,<1 year,Years,1997,67.20147751512766,67.45844265395039,66.93747147188432
Life expectancy,Middle SDI,Female,<1 year,Years,1997,72.2111529146972,72.44447765031852,71.9848952775789
Life expectancy,Middle SDI,Male,<1 year,Years,2012,70.64695576672162,70.9035032357849,70.3886765011924
Life expectancy,Middle SDI,Female,<1 year,Years,2012,76.30728113381403,76.53177371726761,76.06566822385206
Life expectancy,Middle SDI,Male,<1 year,Years,2006,69.56339144009593,69.7974231923203,69.34740125622031
Life expectancy,Middle SDI,Female,<1 year,Years,2006,74.87354204135606,75.05859560504847,74.66899130790127
Life expectancy,High-middle SDI,Male,<1 year,Years,2004,68.91079200233976,69.08143620794654,68.742362075567
Life expectancy,High-middle SDI,Female,<1 year,Years,2004,75.85003369242459,75.97596521128223,75.7219031395263
Life expectancy,High SDI,Male,<1 year,Years,2004,76.16386554084609,76.18450713219578,76.14380740109252
Life expectancy,High SDI,Female,<1 year,Years,2004,81.95438937680576,81.97323029199816,81.93563934956512
Life expectancy,Low-middle SDI,Male,<1 year,Years,2004,61.822712452163216,62.26775025212329,61.34421937978266
Life expectancy,Low-middle SDI,Female,<1 year,Years,2004,65.16680864974873,65.59452742627505,64.71963468938714
Life expectancy,Low SDI,Male,<1 year,Years,2004,58.63801030789366,59.06317320436511,58.17443236444295
Life expectancy,Low SDI,Female,<1 year,Years,2004,60.65905636857664,61.10055065795663,60.18822167672167
Life expectancy,High-middle SDI,Male,<1 year,Years,2008,70.73966205287073,70.90004852784669,70.57618242965519
Life expectancy,High-middle SDI,Female,<1 year,Years,2008,77.37361988066345,77.49328707544382,77.2424218141133
Life expectancy,High SDI,Male,<1 year,Years,2008,77.10007166349159,77.12284569883963,77.07831107031606
Life expectancy,High SDI,Female,<1 year,Years,2008,82.68973499353652,82.70972989914097,82.668363349105
Life expectancy,Low-middle SDI,Male,<1 year,Years,2008,62.70521858956561,63.18418670941718,62.20381911603596
Life expectancy,Low-middle SDI,Female,<1 year,Years,2008,66.60474626102832,67.0351699027272,66.14780404447258
Life expectancy,Low SDI,Male,<1 year,Years,2008,60.29050453595196,60.71864314300663,59.86399265286303
Life expectancy,Low SDI,Female,<1 year,Years,2008,62.98240142850372,63.35556823724275,62.61670619038538
Life expectancy,High-middle SDI,Male,<1 year,Years,1993,66.05362521965057,66.27039588266075,65.8171801895181
Life expectancy,High-middle SDI,Female,<1 year,Years,1993,73.07033176061167,73.26021376656362,72.89039556109506
Life expectancy,High SDI,Male,<1 year,Years,1993,73.10648561282885,73.13373993657878,73.07619788499959
Life expectancy,High SDI,Female,<1 year,Years,1993,79.7807324886565,79.80596087523938,79.75632855207499
Life expectancy,Low-middle SDI,Male,<1 year,Years,1993,59.468776044250966,59.8880779459221,59.04939921448842
Life expectancy,Low-middle SDI,Female,<1 year,Years,1993,62.41172212011854,62.80175968786622,62.008988782809716
Life expectancy,Low SDI,Male,<1 year,Years,1993,54.17606724506008,54.70947324479753,53.630614332590596
Life expectancy,Low SDI,Female,<1 year,Years,1993,55.885489114028864,56.43493561221928,55.35695842117113
Life expectancy,Middle SDI,Male,<1 year,Years,1995,66.80670274353247,67.08145224113134,66.51865363532822
Life expectancy,Middle SDI,Female,<1 year,Years,1995,71.67909970322704,71.9292403131183,71.44920742691166
Life expectancy,Middle SDI,Male,<1 year,Years,1994,66.63608527394099,66.9272462450403,66.33876531345526
Life expectancy,Middle SDI,Female,<1 year,Years,1994,71.31975555586419,71.57237785615105,71.07065492443614
Life expectancy,High-middle SDI,Male,<1 year,Years,2014,72.62645854022222,72.89298330543403,72.37007631257063
Life expectancy,High-middle SDI,Female,<1 year,Years,2014,78.72246132479644,78.94272437615982,78.49061359213502
Life expectancy,High SDI,Male,<1 year,Years,2014,78.40383590749043,78.44783842346695,78.36052787202709
Life expectancy,High SDI,Female,<1 year,Years,2014,83.59089686373026,83.62272097124641,83.55674279739081
Life expectancy,Low-middle SDI,Male,<1 year,Years,2014,65.11557184511399,65.63781900527052,64.57409395518725
Life expectancy,Low-middle SDI,Female,<1 year,Years,2014,69.14473261382261,69.65774650608114,68.62448802784148
Life expectancy,Low SDI,Male,<1 year,Years,2014,63.20277414091557,63.79067351071783,62.62706791330099
Life expectancy,Low SDI,Female,<1 year,Years,2014,66.13216824076885,66.61672714613076,65.67489952268782
Life expectancy,High-middle SDI,Male,<1 year,Years,2001,68.16521621820199,68.3502429919419,67.97707410339052
Life expectancy,High-middle SDI,Female,<1 year,Years,2001,75.17160750723772,75.32248810414495,75.01113132593305
Life expectancy,High SDI,Male,<1 year,Years,2001,75.33796897855895,75.36145566957678,75.3133945756274
Life expectancy,High SDI,Female,<1 year,Years,2001,81.30167202959116,81.32281935747045,81.2793410208662
Life expectancy,Low-middle SDI,Male,<1 year,Years,2001,60.597797316436406,61.03529228643353,60.166742606192464
Life expectancy,Low-middle SDI,Female,<1 year,Years,2001,63.81588671061634,64.24645821869798,63.36826271809522
Life expectancy,Low SDI,Male,<1 year,Years,2001,57.048472950648794,57.46235818168608,56.63981529060178
Life expectancy,Low SDI,Female,<1 year,Years,2001,58.957462530078246,59.37319598138055,58.50920105815744
Life expectancy,High-middle SDI,Male,<1 year,Years,1996,66.62853937398963,66.82975460982696,66.42511601187061
Life expectancy,High-middle SDI,Female,<1 year,Years,1996,73.71009560683545,73.87320977232842,73.53297538016129
Life expectancy,High SDI,Male,<1 year,Years,1996,73.90536749884745,73.93283927024211,73.87748362039501
Life expectancy,High SDI,Female,<1 year,Years,1996,80.33791355233446,80.36050237935224,80.31303045913879
Life expectancy,Low-middle SDI,Male,<1 year,Years,1996,59.9491552803006,60.37626920338379,59.49983297588714
Life expectancy,Low-middle SDI,Female,<1 year,Years,1996,62.90833408415205,63.29719101067765,62.48229359506857
Life expectancy,Low SDI,Male,<1 year,Years,1996,55.00306071568642,55.491043575746716,54.49779684165263
Life expectancy,Low SDI,Female,<1 year,Years,1996,56.92727087595284,57.393397879212934,56.43546158733788
Life expectancy,Middle SDI,Male,<1 year,Years,2011,70.50967221792725,70.76018522755713,70.27147520589483
Life expectancy,Middle SDI,Female,<1 year,Years,2011,76.10700116833243,76.32356404072026,75.89504937812234
Life expectancy,High-middle SDI,Male,<1 year,Years,2009,71.17469865782925,71.34416043203056,71.0028403435939
Life expectancy,High-middle SDI,Female,<1 year,Years,2009,77.65329577664329,77.78111386262373,77.51119375468265
Life expectancy,High SDI,Male,<1 year,Years,2009,77.36402782964609,77.3872892314119,77.33874945029541
Life expectancy,High SDI,Female,<1 year,Years,2009,82.87706625916243,82.89762565669244,82.85482682363087
Life expectancy,Low-middle SDI,Male,<1 year,Years,2009,63.223642926809596,63.70533879387615,62.72662303502713
Life expectancy,Low-middle SDI,Female,<1 year,Years,2009,67.2158736337164,67.66400126642857,66.74910447035903
Life expectancy,Low SDI,Male,<1 year,Years,2009,60.711876997865154,61.14066459823852,60.24982443690761
Life expectancy,Low SDI,Female,<1 year,Years,2009,63.55680466670257,63.92723786284574,63.16434287157307
Life expectancy,Middle SDI,Male,<1 year,Years,2002,68.36392468733412,68.59952787529575,68.12880427503787
Life expectancy,Middle SDI,Female,<1 year,Years,2002,73.54907389795609,73.76345668045576,73.33585172204013
Life expectancy,Middle SDI,Male,<1 year,Years,2010,70.24835265532771,70.4835265353997,70.02176387672708
Life expectancy,Middle SDI,Female,<1 year,Years,2010,75.84811930187837,76.05430326888211,75.6391512845769
Life expectancy,High-middle SDI,Male,<1 year,Years,2012,72.18366991308538,72.39024055582085,71.96925698027009
Life expectancy,High-middle SDI,Female,<1 year,Years,2012,78.37422218647143,78.55062640093334,78.1907861524758
Life expectancy,High SDI,Male,<1 year,Years,2012,78.03226044615084,78.06602325707969,77.99772537513759
Life expectancy,High SDI,Female,<1 year,Years,2012,83.32934624330906,83.35524860137228,83.3023089302122
Life expectancy,Low-middle SDI,Male,<1 year,Years,2012,64.25084978944665,64.75337319267463,63.744462826336964
Life expectancy,Low-middle SDI,Female,<1 year,Years,2012,68.63355295582222,69.12463804056223,68.15588843633968
Life expectancy,Low SDI,Male,<1 year,Years,2012,62.12372728721593,62.61777603290614,61.62718323305937
Life expectancy,Low SDI,Female,<1 year,Years,2012,65.25143868591731,65.6712055077341,64.81363253314746
Life expectancy,High-middle SDI,Male,<1 year,Years,2013,72.51919224772635,72.75273027987149,72.27979811056237
Life expectancy,High-middle SDI,Female,<1 year,Years,2013,78.62393990855782,78.81572156560125,78.41589900947997
Life expectancy,High SDI,Male,<1 year,Years,2013,78.21230956515828,78.25056903677678,78.17411043331519
Life expectancy,High SDI,Female,<1 year,Years,2013,83.4568807307392,83.48852175618441,83.42785911352622
Life expectancy,Low-middle SDI,Male,<1 year,Years,2013,64.70198392512708,65.22555594446496,64.18376239870078
Life expectancy,Low-middle SDI,Female,<1 year,Years,2013,69.02469519867786,69.52150157479183,68.53259626903913
Life expectancy,Low SDI,Male,<1 year,Years,2013,62.70031245096271,63.224203768764646,62.17000362766765
Life expectancy,Low SDI,Female,<1 year,Years,2013,65.75812076642173,66.21800969934264,65.30972617831874
Life expectancy,High-middle SDI,Male,<1 year,Years,2005,69.159690653011,69.32882191707616,69.00694968671395
Life expectancy,High-middle SDI,Female,<1 year,Years,2005,76.09425291287825,76.21760389742242,75.96605543912963
Life expectancy,High SDI,Male,<1 year,Years,2005,76.33093159825853,76.35249254812365,76.30983678069705
Life expectancy,High SDI,Female,<1 year,Years,2005,82.11387445011351,82.13289437606878,82.09473902741891
Life expectancy,Low-middle SDI,Male,<1 year,Years,2005,61.94859445766245,62.41041989981839,61.47603120272089
Life expectancy,Low-middle SDI,Female,<1 year,Years,2005,65.43693476536907,65.8715057450206,64.98363560059785
Life expectancy,Low SDI,Male,<1 year,Years,2005,59.137688225996065,59.567480862991154,58.68901580774453
Life expectancy,Low SDI,Female,<1 year,Years,2005,61.25613163201928,61.68549255107908,60.808433087269314
Life expectancy,Middle SDI,Male,<1 year,Years,2014,71.16344740128216,71.46817989939021,70.87896836363511
Life expectancy,Middle SDI,Female,<1 year,Years,2014,76.65951788650553,76.89652572823012,76.41060458112403
